SYMBOL,OPEN,HIGH,LOW,CLOSE,TOTTRDQTY,TOTTRDVAL,TIMESTAMP
360ONE,646.55,654.5,638.1,643.05,229384,147929515.95,18-JAN-2024
3MINDIA,34339.0,34418.5,33701.0,34092.75,3290,112053871.95,18-JAN-2024
AARTIDRUGS,527.9,534.25,517.0,530.45,449017,237566558.45,18-JAN-2024
AARTIIND,601.05,633.5,601.05,611.6,9846316,6058647218.35,18-JAN-2024
AARTIPHARM,512.95,519.6,493.3,511.95,105111,53428739.95,18-JAN-2024
AAVAS,1534.0,1534.0,1485.0,1501.15,604765,910759123.55,18-JAN-2024
ABB,4765.0,4797.4,4665.0,4710.35,151382,715482761.55,18-JAN-2024
ABBOTINDIA,25749.95,25875.0,25301.0,25737.5,14103,361838278.65,18-JAN-2024
ABCAPITAL,175.1,176.0,171.1,175.1,5183135,902876142.95,18-JAN-2024
ABFRL,223.0,225.35,216.5,223.15,3988759,884098108.5,18-JAN-2024
ACC,2246.0,2267.1,2201.05,2260.1,228207,511712615.05,18-JAN-2024
ACCELYA,1837.0,1919.0,1751.0,1895.45,95957,178705361.55,18-JAN-2024
ACE,899.75,919.0,876.0,904.3,257581,231920991.05,18-JAN-2024
ACI,609.0,615.0,592.95,600.15,274930,165614879.6,18-JAN-2024
ACLGATI,126.95,128.15,123.0,127.05,336762,42382545.35,18-JAN-2024
ADANIENSOL,1087.0,1097.9,1040.6,1065.5,1168724,1246705620.35,18-JAN-2024
ADANIENT,2975.55,2985.0,2885.1,2918.9,2552342,7461140978.65,18-JAN-2024
ADANIGREEN,1615.0,1629.0,1565.65,1588.25,994211,1583941662.8,18-JAN-2024
ADANIPORTS,1171.05,1184.3,1143.45,1154.05,5918594,6859750083.0,18-JAN-2024
ADVENZYMES,365.1,391.95,358.1,378.25,812477,307916270.35,18-JAN-2024
AEGISCHEM,370.45,383.7,369.05,376.5,1214730,457443169.5,18-JAN-2024
AETHER,873.0,880.0,852.95,866.7,58001,50289332.6,18-JAN-2024
AFFLE,1272.9,1292.7,1205.05,1255.7,312568,392378537.6,18-JAN-2024
AGI,819.8,825.9,791.1,810.3,161684,130939719.9,18-JAN-2024
AHLUCONT,815.0,838.8,787.0,834.75,47367,38770645.05,18-JAN-2024
AIAENG,3718.0,3815.45,3601.0,3648.15,93161,341616772.7,18-JAN-2024
AJANTPHARM,2250.0,2275.15,2194.0,2214.1,44502,98658383.15,18-JAN-2024
ALKEM,5056.15,5072.6,4908.35,4933.85,153745,760594133.8,18-JAN-2024
ALKYLAMINE,2400.0,2429.9,2330.0,2360.25,52964,125379310.5,18-JAN-2024
ALLCARGO,80.15,80.85,77.5,80.0,1517599,120975923.05,18-JAN-2024
AMBER,3714.85,3969.0,3600.0,3825.3,368451,1409090533.05,18-JAN-2024
AMBUJACEM,522.65,526.95,509.0,524.15,2084710,1085827265.4,18-JAN-2024
AMIORG,1131.9,1134.6,1095.0,1131.05,97455,108857627.25,18-JAN-2024
ANANDRATHI,2704.75,2748.7,2639.25,2716.9,43267,117402049.6,18-JAN-2024
ANANTRAJ,316.25,320.95,307.8,318.7,1315835,417158307.45,18-JAN-2024
ANGELONE,3371.0,3388.0,3270.0,3294.6,462958,1537375516.7,18-JAN-2024
ANURAS,941.15,945.4,913.05,940.75,56131,52440916.05,18-JAN-2024
APARINDS,5490.0,5599.75,5331.7,5358.05,101829,555434254.85,18-JAN-2024
APCOTEXIND,499.95,515.0,492.25,513.8,51684,26156508.25,18-JAN-2024
APLAPOLLO,1510.7,1520.5,1477.25,1506.35,647115,970252355.7,18-JAN-2024
APLLTD,921.0,943.95,893.0,940.4,292730,271229606.65,18-JAN-2024
APOLLOHOSP,5959.0,6028.95,5838.0,5990.85,591170,3524242871.2,18-JAN-2024
APOLLOPIPE,683.85,683.85,673.2,679.95,60486,41056139.95,18-JAN-2024
APOLLOTYRE,473.2,506.3,468.3,500.05,8869857,4383219138.3,18-JAN-2024
APTUS,349.95,365.0,345.55,363.0,3306391,1188071653.7,18-JAN-2024
ARE&M,796.95,818.1,771.65,811.3,727521,578476484.7,18-JAN-2024
ARVIND,282.0,288.75,275.0,285.8,627954,178532486.9,18-JAN-2024
ARVINDFASN,476.5,487.9,467.8,483.35,543115,260647767.45,18-JAN-2024
ASAHIINDIA,552.95,555.4,537.3,552.55,59838,32827571.0,18-JAN-2024
ASHOKA,157.15,162.5,150.9,160.95,4075822,648244276.9,18-JAN-2024
ASHOKLEY,170.8,174.5,168.0,173.55,16760144,2876154696.7,18-JAN-2024
ASIANPAINT,3257.95,3257.95,3048.6,3163.85,1979174,6229311861.1,18-JAN-2024
ASTEC,1016.8,1022.0,1001.45,1006.1,24713,24918408.8,18-JAN-2024
ASTERDM,442.0,448.8,430.8,433.9,783603,343511006.55,18-JAN-2024
ASTRAL,1775.0,1798.0,1740.0,1791.4,876994,1559132819.85,18-JAN-2024
ASTRAMICRO,578.9,578.9,555.55,568.05,255555,145235456.1,18-JAN-2024
ASTRAZEN,6319.0,6365.3,6174.95,6314.25,7829,48993643.8,18-JAN-2024
ATGL,1006.9,1014.7,972.45,983.1,1849733,1827225233.4,18-JAN-2024
ATUL,6588.05,6643.05,6520.05,6602.45,25096,165389995.75,18-JAN-2024
AUBANK,754.35,758.75,732.85,734.1,2679347,1994327991.35,18-JAN-2024
AUROPHARMA,1087.5,1130.9,1061.4,1124.8,3751754,4173851261.5,18-JAN-2024
AUTOAXLES,2161.0,2178.95,2131.15,2150.05,18537,39889121.25,18-JAN-2024
AVALON,542.0,546.35,526.05,529.55,227732,121095783.35,18-JAN-2024
AVANTIFEED,557.0,572.25,533.0,544.25,1318614,724063731.8,18-JAN-2024
AWL,355.0,363.45,348.55,356.6,1383535,493143587.35,18-JAN-2024
AXISBANK,1066.0,1108.75,1066.0,1097.5,11473135,12572042567.15,18-JAN-2024
BAJAJ-AUTO,7148.0,7189.25,7071.15,7083.6,557084,3959944151.85,18-JAN-2024
BAJAJCON,219.45,223.55,215.35,223.05,239141,52745355.0,18-JAN-2024
BAJAJFINSV,1586.0,1605.35,1559.0,1581.15,1133236,1784994345.9,18-JAN-2024
BAJAJHLDNG,8139.8,8139.8,7890.0,7999.35,33821,270085842.0,18-JAN-2024
BAJFINANCE,7296.0,7351.75,7234.0,7265.55,1686996,12283850683.6,18-JAN-2024
BALAMINES,2467.65,2482.9,2334.0,2395.7,110044,263788690.15,18-JAN-2024
BALKRISIND,2555.0,2590.9,2510.8,2562.45,237036,603296488.25,18-JAN-2024
BALMLAWRIE,258.0,265.0,244.65,263.5,3196703,823400008.55,18-JAN-2024
BALRAMCHIN,386.45,391.0,372.6,384.75,3818565,1460145340.8,18-JAN-2024
BANDHANBNK,227.5,230.85,224.1,227.6,9142872,2085311672.8,18-JAN-2024
BANKBARODA,224.95,230.2,222.0,227.7,16224153,3680821242.25,18-JAN-2024
BANKINDIA,132.0,135.1,127.95,134.35,28936853,3833247764.8,18-JAN-2024
BARBEQUE,619.0,626.2,611.0,619.55,108174,66892112.25,18-JAN-2024
BATAINDIA,1543.4,1545.7,1513.0,1516.7,168177,256581104.55,18-JAN-2024
BAYERCROP,6000.0,6000.0,5679.5,5788.1,20178,116961935.6,18-JAN-2024
BBTC,1588.0,1622.0,1531.55,1591.4,120798,190694466.55,18-JAN-2024
BDL,1752.9,1770.0,1656.0,1717.3,765133,1310721698.15,18-JAN-2024
BECTORFOOD,1225.0,1226.95,1157.0,1191.25,259332,311183006.9,18-JAN-2024
BEL,185.65,189.0,180.0,188.2,24831623,4605571445.75,18-JAN-2024
BEML,3100.0,3163.9,3031.0,3144.2,353035,1104260770.9,18-JAN-2024
BEPL,110.45,111.8,106.25,110.3,1451369,158488467.75,18-JAN-2024
BERGEPAINT,592.8,594.0,567.0,576.35,1433666,824879160.65,18-JAN-2024
BHARATFORG,1200.0,1237.5,1186.9,1222.85,1184472,1439281491.75,18-JAN-2024
BHARTIARTL,1075.2,1096.0,1075.2,1087.05,4407330,4797225597.5,18-JAN-2024
BHEL,209.5,213.15,196.3,212.15,68991855,14284446717.85,18-JAN-2024
BIKAJI,576.75,585.0,566.55,577.8,277837,160054467.2,18-JAN-2024
BIOCON,280.15,287.25,273.35,280.3,5337699,1496167211.0,18-JAN-2024
BIRLACORPN,1414.0,1519.45,1357.0,1376.95,1476066,2157822667.2,18-JAN-2024
BLS,393.1,396.0,380.3,389.5,1490964,580005219.05,18-JAN-2024
BLUEDART,7001.4,7040.0,6882.8,6934.8,4522,31456778.3,18-JAN-2024
BLUESTARCO,1060.0,1073.2,1033.1,1049.25,128520,135476221.1,18-JAN-2024
BOMDYEING,155.7,157.8,149.05,155.05,1308719,202211114.05,18-JAN-2024
BORORENEW,500.1,509.05,478.15,488.75,624265,308241420.7,18-JAN-2024
BOSCHLTD,22711.0,23033.25,22555.0,22813.9,21477,488588162.2,18-JAN-2024
BPCL,467.0,480.9,461.0,473.2,9901151,4692112216.0,18-JAN-2024
BRIGADE,970.0,998.0,963.85,991.85,863933,846429666.25,18-JAN-2024
BRITANNIA,5061.0,5077.95,4974.2,5015.15,514119,2588210923.4,18-JAN-2024
BSE,2292.0,2327.75,2260.0,2297.7,709367,1634863316.65,18-JAN-2024
BSOFT,797.0,799.5,765.05,777.85,2189268,1702896832.0,18-JAN-2024
CAMLINFINE,129.35,133.0,127.55,130.65,428240,55880059.2,18-JAN-2024
CAMPUS,283.0,284.1,274.75,276.5,536877,149362169.65,18-JAN-2024
CAMS,2805.0,2816.45,2716.15,2803.15,284083,786398804.15,18-JAN-2024
CANBK,455.8,460.5,441.5,458.25,6984884,3172967962.5,18-JAN-2024
CANFINHOME,760.0,784.4,759.65,777.9,965088,748689085.7,18-JAN-2024
CAPLIPOINT,1479.0,1508.85,1425.25,1450.6,134992,197505748.25,18-JAN-2024
CARBORUNIV,1137.25,1144.45,1118.2,1129.75,75275,85146930.85,18-JAN-2024
CARERATING,944.8,962.1,933.95,955.45,50072,47638314.45,18-JAN-2024
CARTRADE,703.0,737.9,700.0,726.7,271541,196108448.3,18-JAN-2024
CARYSIL,830.95,879.95,828.3,845.3,260830,221736037.75,18-JAN-2024
CASTROLIND,167.65,180.0,166.05,177.45,17216182,3018634355.15,18-JAN-2024
CCL,625.6,632.0,623.0,629.3,71363,44850991.5,18-JAN-2024
CDSL,1845.0,1855.95,1770.05,1820.65,963185,1742848369.45,18-JAN-2024
CEATLTD,2427.0,2541.55,2380.1,2521.4,436846,1089714787.8,18-JAN-2024
CENTRALBK,51.6,53.4,49.25,52.8,40878518,2115747588.9,18-JAN-2024
CENTURYPLY,785.3,806.8,776.55,800.15,1175099,938243411.6,18-JAN-2024
CENTURYTEX,1398.95,1414.55,1365.0,1388.95,148501,206114345.6,18-JAN-2024
CERA,8027.95,8036.95,7796.2,7934.3,10471,82949348.95,18-JAN-2024
CESC,137.1,142.5,132.0,141.4,11276056,1565173314.5,18-JAN-2024
CGCL,987.0,1016.3,945.1,954.0,1717850,1652856182.55,18-JAN-2024
CGPOWER,460.0,462.1,450.1,453.05,2191907,999501121.55,18-JAN-2024
CHALET,726.0,740.0,715.2,719.45,302603,220770267.8,18-JAN-2024
CHAMBLFERT,380.55,385.0,359.65,382.6,5071949,1902848078.9,18-JAN-2024
CHEMPLASTS,486.5,491.7,467.0,487.05,84606,40597713.65,18-JAN-2024
CHENNPETRO,858.0,878.0,834.45,872.75,1397344,1204190766.1,18-JAN-2024
CHOICEIN,538.0,539.8,525.0,536.05,282142,150683345.05,18-JAN-2024
CHOLAFIN,1281.9,1298.35,1246.3,1291.65,1912562,2446675225.5,18-JAN-2024
CHOLAHLDNG,1018.2,1030.7,1005.2,1017.3,54316,55339318.2,18-JAN-2024
CIEINDIA,489.0,502.95,478.25,493.7,571802,281969385.75,18-JAN-2024
CIGNITITEC,1016.85,1044.0,1001.0,1038.2,118103,121536201.85,18-JAN-2024
CIPLA,1285.05,1327.2,1267.9,1322.95,1723297,2252183372.65,18-JAN-2024
CLEAN,1482.0,1493.95,1438.0,1486.9,101337,149249793.2,18-JAN-2024
CMSINFO,369.7,379.8,365.8,374.05,486750,182244686.05,18-JAN-2024
COALINDIA,380.8,382.55,368.0,375.65,12493835,4695230658.7,18-JAN-2024
COCHINSHIP,857.0,896.1,822.0,865.65,11018034,9524542109.25,18-JAN-2024
COFORGE,6595.45,6602.45,6263.05,6486.6,541380,3474370245.3,18-JAN-2024
COLPAL,2491.0,2507.4,2449.15,2495.2,348563,867125051.6,18-JAN-2024
CONCOR,850.0,850.0,813.9,843.65,2296029,1913651435.85,18-JAN-2024
CONCORDBIO,1382.0,1389.0,1355.15,1366.65,66042,90615832.4,18-JAN-2024
CONFIPET,88.0,88.8,84.35,86.2,1775762,153590457.95,18-JAN-2024
COROMANDEL,1157.1,1168.95,1126.5,1152.7,254243,292736918.9,18-JAN-2024
COSMOFIRST,636.0,640.35,616.1,624.4,38261,23936235.75,18-JAN-2024
CRAFTSMAN,4846.75,4886.0,4655.05,4698.55,47651,226075368.2,18-JAN-2024
CREDITACC,1654.95,1662.95,1596.0,1648.7,344148,559072276.6,18-JAN-2024
CRISIL,4102.25,4129.0,4071.5,4102.0,6457,26455060.85,18-JAN-2024
CROMPTON,315.65,316.15,306.6,309.4,2307806,717022718.8,18-JAN-2024
CSBBANK,377.5,385.45,369.0,381.05,219012,83001428.4,18-JAN-2024
CUB,144.15,145.2,140.45,143.45,3612774,517514315.55,18-JAN-2024
CUMMINSIND,2002.0,2038.75,1948.0,2030.8,345585,691720632.35,18-JAN-2024
CYIENT,2265.05,2285.0,2145.0,2200.5,283946,625244612.95,18-JAN-2024
DABUR,546.2,549.95,535.35,539.45,1520695,822596577.1,18-JAN-2024
DALBHARAT,2190.0,2200.45,2135.5,2181.45,298160,646924657.8,18-JAN-2024
DALMIASUG,394.2,397.55,386.3,388.0,99756,39045189.35,18-JAN-2024
DATAMATICS,722.85,736.8,701.0,722.0,128997,92454103.9,18-JAN-2024
DATAPATTNS,1971.75,1982.15,1900.0,1933.35,105851,204767987.4,18-JAN-2024
DBCORP,301.0,312.35,292.1,308.0,234676,70833859.8,18-JAN-2024
DBL,389.25,393.85,373.95,386.9,635268,244172036.25,18-JAN-2024
DBREALTY,228.0,240.95,223.6,237.95,5449687,1281239632.1,18-JAN-2024
DCAL,192.6,196.2,186.6,193.6,653491,125798467.1,18-JAN-2024
DCBBANK,149.9,153.0,145.2,149.2,3083465,459644887.85,18-JAN-2024
DCMSHRIRAM,993.0,1007.9,973.05,1004.1,86217,85596651.2,18-JAN-2024
DCXINDIA,360.0,373.35,351.25,367.1,1027859,375154708.3,18-JAN-2024
DEEPAKFERT,653.0,657.95,630.5,647.8,436946,281474662.1,18-JAN-2024
DEEPAKNTR,2325.4,2346.9,2261.0,2293.05,293820,674949790.45,18-JAN-2024
DELHIVERY,403.0,405.6,392.0,400.45,1106487,441489687.45,18-JAN-2024
DELTACORP,145.95,147.5,141.3,145.15,2442128,352874875.95,18-JAN-2024
DEN,61.65,62.2,58.85,61.5,5094137,309268486.65,18-JAN-2024
DEVYANI,186.7,186.75,179.45,183.4,1695612,310111595.45,18-JAN-2024
DIVGIITTS,993.0,1009.95,969.8,999.05,19925,19726663.05,18-JAN-2024
DIVISLAB,3728.8,3756.55,3585.0,3700.2,651966,2390491061.9,18-JAN-2024
DIXON,6371.0,6375.0,6054.1,6303.1,326794,2041031960.5,18-JAN-2024
DLF,776.0,780.6,762.75,775.45,8727583,6754536235.5,18-JAN-2024
DMART,3786.45,3790.0,3740.0,3748.85,489754,1837689966.0,18-JAN-2024
DODLA,826.25,854.7,812.4,849.7,63775,53332513.45,18-JAN-2024
DOLLAR,443.0,448.75,433.5,444.75,42652,18871569.45,18-JAN-2024
DREAMFOLKS,542.1,548.95,513.5,539.5,530998,281302118.2,18-JAN-2024
DRREDDY,5647.45,5668.3,5520.65,5649.95,345527,1940723329.3,18-JAN-2024
DWARKESH,84.9,85.55,82.8,83.8,1142532,95852726.85,18-JAN-2024
EASEMYTRIP,46.05,47.25,43.55,45.4,28311306,1286573549.3,18-JAN-2024
ECLERX,2717.1,2733.95,2561.6,2647.05,85230,225275205.8,18-JAN-2024
EDELWEISS,73.55,75.3,72.05,73.85,5229232,387108128.05,18-JAN-2024
EICHERMOT,3751.1,3761.55,3661.0,3691.15,583931,2161611237.95,18-JAN-2024
EIDPARRY,572.6,576.9,553.35,564.9,488321,275593734.2,18-JAN-2024
EIHOTEL,283.15,290.35,274.4,285.7,1198154,340676875.35,18-JAN-2024
ELECON,1017.0,1028.0,957.55,1016.15,444908,445803573.9,18-JAN-2024
ELECTCAST,135.0,142.0,132.5,141.3,7773152,1076523654.35,18-JAN-2024
ELGIEQUIP,542.85,548.0,524.0,544.05,228197,123612070.3,18-JAN-2024
EMAMILTD,517.6,517.6,504.35,508.6,706123,358767562.85,18-JAN-2024
EMIL,221.65,225.3,212.15,222.15,250670,55329328.45,18-JAN-2024
EMUDHRA,484.8,484.8,450.0,467.3,330727,153898028.95,18-JAN-2024
ENDURANCE,2049.45,2050.0,1950.0,2036.4,95265,191982417.7,18-JAN-2024
ENGINERSIN,218.1,225.5,205.0,223.55,15170346,3311999209.75,18-JAN-2024
EPIGRAL,1013.0,1013.1,975.0,991.05,77780,77008843.85,18-JAN-2024
EPL,198.8,203.7,195.45,197.75,1829796,363280755.4,18-JAN-2024
EQUITASBNK,110.5,112.75,106.2,111.75,5114676,561759116.85,18-JAN-2024
ERIS,892.35,902.95,878.25,893.4,47446,42392432.85,18-JAN-2024
ESABINDIA,5618.4,5629.65,5480.05,5571.25,2505,13947261.9,18-JAN-2024
ESCORTS,2894.9,2926.0,2820.0,2907.8,260512,748786599.1,18-JAN-2024
ETHOSLTD,2324.9,2405.65,2274.7,2343.9,83611,195481676.25,18-JAN-2024
EVEREADY,342.5,360.0,342.3,353.95,385103,135972404.55,18-JAN-2024
EXIDEIND,319.4,322.2,309.35,319.1,4819502,1523404517.95,18-JAN-2024
FACT,807.0,843.6,806.4,810.4,3109843,2568739221.5,18-JAN-2024
FCL,331.45,336.2,322.9,326.8,409005,134582707.85,18-JAN-2024
FDC,418.9,445.75,406.05,438.15,2502757,1094874811.25,18-JAN-2024
FEDERALBNK,145.4,149.25,142.3,146.85,21044204,3072396151.7,18-JAN-2024
FIEMIND,2385.0,2405.0,2278.55,2329.7,80031,187058362.05,18-JAN-2024
FINCABLES,1062.15,1075.0,1041.05,1059.85,164170,173838356.4,18-JAN-2024
FINEORG,4601.55,4621.35,4509.0,4562.0,17408,79376792.7,18-JAN-2024
FINOPB,289.5,290.7,281.0,284.1,144999,41265381.65,18-JAN-2024
FINPIPE,226.7,234.85,219.55,232.3,1143647,260031963.25,18-JAN-2024
FIVESTAR,728.0,753.95,726.55,749.9,413556,307695880.0,18-JAN-2024
FLUOROCHEM,3404.95,3548.0,3350.0,3515.5,98181,339707856.25,18-JAN-2024
FORTIS,418.55,422.9,408.95,421.2,695910,290519880.8,18-JAN-2024
FSL,200.8,201.0,188.85,197.75,3882847,761810816.65,18-JAN-2024
FUSION,629.6,643.5,608.05,630.05,582419,366072451.55,18-JAN-2024
GABRIEL,369.1,377.8,360.35,369.4,261209,96195857.55,18-JAN-2024
GAEL,339.45,343.65,330.65,335.45,283477,95578763.0,18-JAN-2024
GAIL,164.1,165.15,157.75,163.55,20299367,3295931379.15,18-JAN-2024
GALAXYSURF,2690.0,2725.35,2656.95,2705.35,23745,63787448.45,18-JAN-2024
GANESHHOUC,523.0,535.95,490.7,513.15,1325924,686309392.25,18-JAN-2024
GARFIBRES,3416.0,3489.95,3405.55,3471.75,10863,37472585.45,18-JAN-2024
GATEWAY,111.0,114.25,109.1,110.0,1230389,136171582.0,18-JAN-2024
GESHIP,951.0,970.2,935.05,959.3,302558,289265654.1,18-JAN-2024
GHCL,597.0,600.15,583.0,591.25,152111,90274939.15,18-JAN-2024
GICRE,309.85,312.4,297.1,305.7,884290,269417487.65,18-JAN-2024
GILLETTE,6550.0,6619.0,6475.0,6554.0,19171,125840748.15,18-JAN-2024
GLAND,1935.0,1954.85,1845.8,1950.25,180402,345010543.25,18-JAN-2024
GLAXO,2251.05,2374.8,2243.35,2329.9,318008,739352488.2,18-JAN-2024
GLENMARK,872.2,878.3,847.55,867.55,1540500,1336466350.05,18-JAN-2024
GLOBUSSPR,827.0,829.95,810.0,820.5,94408,77486570.6,18-JAN-2024
GLS,751.65,760.0,740.0,756.6,147375,110543224.0,18-JAN-2024
GMDCLTD,463.15,465.45,441.25,456.6,2805327,1276353128.75,18-JAN-2024
GMMPFAUDLR,1517.0,1536.95,1486.0,1508.05,144136,218305760.35,18-JAN-2024
GMRINFRA,83.35,84.4,80.15,83.7,23950513,1981095281.7,18-JAN-2024
GNFC,736.95,739.85,712.55,728.0,842954,611923103.1,18-JAN-2024
GOCOLORS,1175.9,1181.95,1152.0,1159.95,107502,125230293.75,18-JAN-2024
GODFRYPHLP,2130.3,2142.8,2065.0,2128.9,61447,129571451.65,18-JAN-2024
GODREJAGRO,546.0,549.4,533.45,542.7,148835,80727027.5,18-JAN-2024
GODREJCP,1099.8,1115.85,1075.6,1103.9,2486764,2736767620.85,18-JAN-2024
GODREJIND,814.05,849.0,807.0,815.55,494240,406487225.75,18-JAN-2024
GODREJPROP,2314.95,2323.0,2230.0,2315.6,822600,1882322066.5,18-JAN-2024
GOKEX,895.0,905.5,845.1,900.15,257890,228521333.2,18-JAN-2024
GPIL,739.0,743.2,708.5,725.85,399878,289825522.2,18-JAN-2024
GPPL,159.9,161.25,153.0,160.35,2899688,459017668.6,18-JAN-2024
GRANULES,420.0,424.85,410.05,422.0,1097196,458595121.2,18-JAN-2024
GRAPHITE,554.95,560.95,527.55,541.75,1250172,677159334.15,18-JAN-2024
GRASIM,2067.0,2069.0,2036.2,2053.65,877519,1802670390.1,18-JAN-2024
GRAVITA,1020.0,1022.2,977.4,1012.2,147544,148250535.2,18-JAN-2024
GREAVESCOT,148.95,154.5,145.3,152.2,1801602,271257165.55,18-JAN-2024
GREENLAM,524.8,533.4,510.05,530.85,28198,14782250.35,18-JAN-2024
GREENPANEL,406.0,408.75,387.65,389.8,476601,187288803.85,18-JAN-2024
GREENPLY,240.7,242.95,232.1,236.75,284231,67506400.55,18-JAN-2024
GRINDWELL,2267.3,2284.0,2214.8,2274.7,19597,44184683.7,18-JAN-2024
GRINFRA,1156.5,1159.0,1116.3,1148.5,41344,47248565.85,18-JAN-2024
GRSE,897.05,911.0,861.0,881.65,1055131,930159475.2,18-JAN-2024
GSFC,282.8,289.8,272.5,283.7,5433777,1533664438.5,18-JAN-2024
GSPL,316.85,319.05,306.7,312.9,935755,291818973.8,18-JAN-2024
GUFICBIO,333.0,340.6,324.6,338.7,159752,53355688.4,18-JAN-2024
GUJALKALI,760.0,772.5,735.55,767.65,98928,75020056.0,18-JAN-2024
GUJGASLTD,553.0,561.95,534.3,557.7,2703718,1481174334.15,18-JAN-2024
HAL,2957.5,2981.0,2845.7,2967.6,2066487,6055916561.35,18-JAN-2024
HAPPSTMNDS,917.0,920.0,872.05,883.95,1428402,1269791451.8,18-JAN-2024
HARSHA,399.45,405.85,391.0,403.9,84191,33637036.9,18-JAN-2024
HAVELLS,1424.55,1433.95,1394.0,1400.3,603033,849604624.05,18-JAN-2024
HBLPOWER,461.45,489.1,460.2,478.6,2899015,1385815869.5,18-JAN-2024
HCG,363.75,365.6,358.5,362.9,53481,19380233.2,18-JAN-2024
HCLTECH,1577.0,1584.2,1537.05,1567.55,3205598,5017518002.35,18-JAN-2024
HDFCAMC,3311.0,3416.6,3256.0,3402.55,650351,2180704711.5,18-JAN-2024
HDFCBANK,1494.0,1515.0,1480.05,1486.15,80535465,120402678844.55,18-JAN-2024
HDFCLIFE,608.0,612.3,600.6,607.8,3658639,2223561112.55,18-JAN-2024
HEG,1830.2,1849.85,1768.4,1795.3,247594,445307825.25,18-JAN-2024
HEIDELBERG,220.0,223.5,216.35,221.7,160875,35514643.3,18-JAN-2024
HEMIPROP,172.9,174.45,166.1,172.65,1751802,300242453.15,18-JAN-2024
HERITGFOOD,318.7,323.2,307.5,318.05,687787,218282703.1,18-JAN-2024
HEROMOTOCO,4334.0,4411.65,4296.9,4394.0,570816,2497689506.9,18-JAN-2024
HFCL,83.25,85.05,81.2,84.6,16519441,1384013406.55,18-JAN-2024
HGINFRA,911.55,926.7,890.15,921.8,187314,171398151.85,18-JAN-2024
HGS,970.0,975.45,956.6,963.4,17880,17269826.8,18-JAN-2024
HIKAL,293.0,294.8,286.1,291.7,150233,43682882.4,18-JAN-2024
HIL,2912.0,2949.0,2832.05,2942.9,9702,28168947.25,18-JAN-2024
HINDALCO,560.25,561.35,547.8,554.9,3784905,2098662172.6,18-JAN-2024
HINDCOPPER,259.35,261.7,245.0,253.95,8060046,2047319508.85,18-JAN-2024
HINDOILEXP,172.25,174.7,168.2,173.25,1014475,174109216.9,18-JAN-2024
HINDPETRO,449.0,462.0,439.4,454.6,6440957,2927005770.85,18-JAN-2024
HINDUNILVR,2570.0,2570.0,2537.55,2548.0,1273095,3245896340.2,18-JAN-2024
HINDWAREAP,486.2,487.4,469.25,471.6,683574,326200945.35,18-JAN-2024
HINDZINC,315.0,315.45,304.4,312.05,890971,276574708.6,18-JAN-2024
HLEGLAS,551.25,559.6,534.0,545.85,61327,33398635.9,18-JAN-2024
HNDFDS,540.0,544.15,532.0,537.45,38522,20688365.65,18-JAN-2024
HOMEFIRST,965.0,1003.0,957.85,983.95,396608,390958532.5,18-JAN-2024
HONAUT,37105.0,37534.5,36600.0,37407.3,11779,439243255.3,18-JAN-2024
HUDCO,137.95,139.5,129.4,137.7,29996826,4079752891.2,18-JAN-2024
IBREALEST,97.0,99.6,92.6,98.25,20169499,1959373434.55,18-JAN-2024
IBULHSGFIN,207.75,210.0,198.0,203.9,14808510,3026860259.5,18-JAN-2024
ICICIBANK,973.95,994.3,970.15,986.35,17902484,17626126346.95,18-JAN-2024
ICICIGI,1454.0,1462.15,1423.0,1440.05,503202,726189022.35,18-JAN-2024
ICICIPRULI,470.0,488.9,463.45,486.2,17222774,8215812759.7,18-JAN-2024
ICIL,277.9,282.1,267.25,279.4,333691,91997851.8,18-JAN-2024
IDBI,68.45,69.95,66.65,69.3,11264394,773567015.2,18-JAN-2024
IDFC,123.05,125.15,121.6,123.85,7409557,916305162.7,18-JAN-2024
IDFCFIRSTB,85.2,87.15,84.45,86.4,32763022,2817014257.4,18-JAN-2024
IEX,145.1,145.8,134.3,137.2,52733975,7282329432.25,18-JAN-2024
IFBIND,1000.0,1014.45,978.75,1011.5,29542,29583327.8,18-JAN-2024
IGL,432.85,439.55,423.1,438.0,2413445,1044456396.15,18-JAN-2024
IIFL,644.05,670.0,630.4,638.8,3082575,2008838651.0,18-JAN-2024
IKIO,334.15,336.5,320.0,328.9,406694,133404281.45,18-JAN-2024
IMFA,492.0,494.0,471.6,492.25,122418,59348599.05,18-JAN-2024
INDHOTEL,458.65,467.8,450.6,463.6,3411840,1573678787.85,18-JAN-2024
INDIACEM,252.0,257.1,242.8,248.75,3667718,914186191.25,18-JAN-2024
INDIAGLYCO,884.0,908.4,856.2,896.85,262522,234174845.7,18-JAN-2024
INDIAMART,2600.0,2636.0,2393.35,2488.65,762462,1939405503.2,18-JAN-2024
INDIANB,435.2,444.75,433.6,443.55,1509859,664458121.7,18-JAN-2024
INDIGO,3025.8,3072.9,3013.95,3052.6,925829,2814946923.15,18-JAN-2024
INDIGOPNTS,1485.8,1499.95,1444.75,1483.25,54607,80646694.35,18-JAN-2024
INDOCO,379.85,405.0,370.5,379.55,878440,338429597.6,18-JAN-2024
INDUSINDBK,1634.95,1639.6,1595.1,1612.9,3557256,5753327689.8,18-JAN-2024
INDUSTOWER,212.1,219.0,206.0,215.95,20306069,4346841415.9,18-JAN-2024
INFY,1642.65,1649.0,1628.25,1642.6,6375464,10451208678.0,18-JAN-2024
INGERRAND,3091.0,3125.8,3033.05,3087.5,13219,40883220.0,18-JAN-2024
INOXWIND,426.85,453.0,410.05,444.8,1342595,589175080.65,18-JAN-2024
INTELLECT,850.0,869.2,842.7,866.2,469876,403893978.2,18-JAN-2024
IOB,43.45,44.85,42.05,44.2,29406860,1284311388.8,18-JAN-2024
IOC,143.8,145.65,139.9,144.5,26958686,3874724743.45,18-JAN-2024
IOLCP,452.5,456.1,442.5,450.4,157668,70803951.45,18-JAN-2024
IONEXCHANG,574.45,579.0,555.55,571.05,193560,110276062.4,18-JAN-2024
IPCALAB,1120.0,1123.5,1062.4,1081.4,408875,442586870.7,18-JAN-2024
IRB,45.55,47.35,45.0,46.9,45405014,2117291382.1,18-JAN-2024
IRCON,209.5,211.7,192.95,204.05,34552809,6991086919.4,18-JAN-2024
IRCTC,935.1,944.0,870.3,927.25,6557942,6007630862.4,18-JAN-2024
IRFC,153.0,155.0,136.3,146.25,272134347,39625808578.15,18-JAN-2024
ISEC,772.0,775.15,758.0,763.65,473641,363233188.95,18-JAN-2024
ISGEC,961.9,997.85,945.05,971.5,130417,127060901.0,18-JAN-2024
ITC,465.25,467.85,454.55,465.5,9143784,4241036943.75,18-JAN-2024
ITDCEM,296.0,326.0,293.0,315.2,5240617,1654612408.95,18-JAN-2024
ITI,366.6,374.95,337.0,347.05,9359912,3296247608.45,18-JAN-2024
J&KBANK,134.05,137.35,127.7,134.8,6425021,857195332.7,18-JAN-2024
JAICORPLTD,372.0,389.8,361.65,388.0,848154,321190591.2,18-JAN-2024
JAMNAAUTO,109.1,110.2,106.7,109.6,1504102,163788435.2,18-JAN-2024
JBCHEPHARM,1657.7,1661.75,1551.3,1595.0,124953,203423928.65,18-JAN-2024
JBMA,1917.8,1929.65,1764.7,1889.65,160203,298181981.85,18-JAN-2024
JCHAC,1197.5,1220.05,1151.65,1206.75,48048,57026230.65,18-JAN-2024
JINDALPOLY,650.0,658.35,637.05,649.2,15872,10291995.95,18-JAN-2024
JINDALSAW,523.45,536.8,499.0,505.9,2896566,1496909988.05,18-JAN-2024
JINDALSTEL,722.0,728.2,701.1,719.7,1775563,1271000282.4,18-JAN-2024
JINDWORLD,292.0,296.95,285.0,288.95,64852,18784947.8,18-JAN-2024
JISLJALEQS,59.8,60.35,57.7,58.2,4094364,239982802.75,18-JAN-2024
JKCEMENT,4035.6,4055.55,3949.9,3994.0,133513,532276859.7,18-JAN-2024
JKIL,578.8,596.0,529.15,589.45,308613,178331329.15,18-JAN-2024
JKLAKSHMI,846.1,869.35,845.95,862.15,145520,125364646.95,18-JAN-2024
JKPAPER,407.65,409.75,393.0,400.1,1196006,478496374.95,18-JAN-2024
JKTYRE,404.4,430.85,402.4,428.0,4779277,2009065764.8,18-JAN-2024
JMFINANCIL,103.25,106.25,99.1,103.15,9884198,1018999120.35,18-JAN-2024
JSL,583.0,589.55,562.6,567.3,5393895,3095502758.9,18-JAN-2024
JSWENERGY,470.8,481.5,457.0,478.75,4329665,2040712946.15,18-JAN-2024
JSWSTEEL,812.5,814.5,792.6,803.65,1991900,1598056277.65,18-JAN-2024
JTEKTINDIA,162.8,163.9,156.8,162.5,300383,48434095.4,18-JAN-2024
JTLIND,240.0,244.7,234.3,243.4,2090651,503927095.05,18-JAN-2024
JUBLFOOD,527.05,527.7,514.75,524.3,2523704,1318112210.4,18-JAN-2024
JUBLINGREA,472.0,475.95,460.3,467.1,162485,75859006.65,18-JAN-2024
JUBLPHARMA,569.0,570.25,543.05,554.7,337244,187374623.15,18-JAN-2024
JUSTDIAL,860.0,874.7,838.05,849.05,320508,274317713.3,18-JAN-2024
JWL,396.0,396.0,368.45,385.65,1877703,720769215.75,18-JAN-2024
JYOTHYLAB,503.65,526.0,503.0,518.55,1591118,822092805.9,18-JAN-2024
KAJARIACER,1391.75,1410.95,1348.15,1393.35,238862,330283579.0,18-JAN-2024
KALYANKJIL,363.0,367.95,352.2,361.95,1550854,562185687.6,18-JAN-2024
KANSAINER,339.35,345.7,332.2,341.1,350482,119147004.85,18-JAN-2024
KARURVYSYA,169.0,173.25,165.1,171.85,3704925,630065686.1,18-JAN-2024
KAYNES,2750.0,2767.45,2640.0,2671.7,100538,272527573.35,18-JAN-2024
KEC,615.15,628.0,597.0,621.5,631267,388036764.8,18-JAN-2024
KEI,3143.05,3168.1,3057.7,3140.4,333355,1041672221.85,18-JAN-2024
KFINTECH,522.4,545.8,512.4,538.25,599789,318832629.15,18-JAN-2024
KIMS,2009.9,2034.7,1977.0,2022.35,46394,93361486.45,18-JAN-2024
KIRIINDUS,391.65,408.5,391.0,396.95,193086,76962358.6,18-JAN-2024
KIRLOSBROS,880.0,890.0,843.45,872.25,67808,58723103.25,18-JAN-2024
KIRLOSENG,690.0,708.0,682.0,697.4,402750,280573179.15,18-JAN-2024
KIRLPNU,609.9,619.9,603.6,613.65,43577,26652498.65,18-JAN-2024
KKCL,754.0,767.75,740.0,750.4,79625,60018043.2,18-JAN-2024
KNRCON,255.95,262.0,248.75,257.4,2483992,630221475.05,18-JAN-2024
KOLTEPATIL,533.7,554.5,527.5,539.7,389351,210760014.85,18-JAN-2024
KOTAKBANK,1770.0,1792.7,1764.6,1777.25,4293450,7634869689.25,18-JAN-2024
KPIL,730.05,747.0,717.1,719.9,226899,165311152.1,18-JAN-2024
KPITTECH,1529.0,1548.4,1486.9,1532.1,535425,815654116.6,18-JAN-2024
KPRMILL,793.0,797.0,763.85,770.85,269266,208657497.4,18-JAN-2024
KRBL,368.25,372.35,360.2,369.1,238174,87499155.85,18-JAN-2024
KRSNAA,690.0,702.0,675.75,689.4,83353,57569481.2,18-JAN-2024
KSB,3369.0,3474.75,3233.3,3262.5,68517,227077288.0,18-JAN-2024
KSCL,667.2,672.45,653.9,666.4,109522,72614381.3,18-JAN-2024
KTKBANK,267.0,278.9,261.0,274.4,3403062,926570363.05,18-JAN-2024
L&TFH,170.0,171.5,164.9,166.45,6240372,1045736239.85,18-JAN-2024
LALPATHLAB,2437.5,2460.1,2381.65,2455.8,129608,314742899.65,18-JAN-2024
LANDMARK,838.8,839.9,801.55,830.45,120016,98283519.15,18-JAN-2024
LAOPALA,359.6,359.7,350.0,354.1,117679,41768240.8,18-JAN-2024
LATENTVIEW,463.45,465.8,448.5,461.9,487704,223534461.6,18-JAN-2024
LAURUSLABS,411.7,417.2,400.95,415.05,1619529,664278675.3,18-JAN-2024
LAXMIMACH,13411.0,13500.0,13175.05,13394.35,2321,30957514.45,18-JAN-2024
LEMONTREE,133.0,135.0,128.25,134.05,3805381,505238483.55,18-JAN-2024
LGBBROSLTD,1295.0,1333.0,1262.8,1319.45,27292,35504110.15,18-JAN-2024
LICHSGFIN,574.1,579.5,560.45,576.15,1344935,770357392.15,18-JAN-2024
LICI,890.0,907.0,867.05,901.2,4546830,4045868186.45,18-JAN-2024
LINDEINDIA,5484.0,5525.8,5325.0,5410.45,32988,179304973.15,18-JAN-2024
LLOYDSENGG,43.65,44.55,42.5,43.6,1046179,45699258.8,18-JAN-2024
LODHA,1115.0,1138.75,1083.0,1127.45,759062,851206174.65,18-JAN-2024
LT,3570.8,3616.95,3525.0,3596.0,2148898,7719357081.85,18-JAN-2024
LTFOODS,200.4,202.0,196.5,199.9,477985,95603443.4,18-JAN-2024
LTIM,5700.0,5790.0,5411.75,5603.0,2798324,15670883172.5,18-JAN-2024
LTTS,5500.0,5518.0,5274.25,5406.6,328360,1769791602.4,18-JAN-2024
LUPIN,1400.0,1435.95,1368.25,1425.65,1167361,1650102253.05,18-JAN-2024
LUXIND,1280.05,1289.8,1264.0,1284.6,43324,55457405.75,18-JAN-2024
LXCHEM,274.0,277.8,268.0,272.75,611190,166674984.4,18-JAN-2024
M&M,1600.0,1623.3,1580.65,1617.25,2328588,3748640616.6,18-JAN-2024
M&MFIN,279.2,280.7,276.35,277.8,4262958,1186857751.1,18-JAN-2024
MAHABANK,50.0,52.65,47.9,51.95,99201799,5062093039.3,18-JAN-2024
MAHLIFE,563.1,584.75,540.65,573.75,273474,154537454.6,18-JAN-2024
MAHLOG,439.0,442.5,424.0,438.5,268201,116856347.85,18-JAN-2024
MAHSEAMLES,978.0,1001.9,948.55,975.15,403565,396234135.65,18-JAN-2024
MAITHANALL,1140.0,1158.9,1112.1,1125.8,71516,81055988.4,18-JAN-2024
MANAPPURAM,172.0,173.95,165.8,169.8,6787178,1152221229.85,18-JAN-2024
MANINFRA,222.75,227.6,210.6,223.25,920609,203009541.95,18-JAN-2024
MANKIND,2199.45,2199.45,2120.0,2142.8,214120,461807497.9,18-JAN-2024
MANYAVAR,1169.65,1169.65,1116.05,1120.4,215674,245201913.25,18-JAN-2024
MAPMYINDIA,1985.0,2005.0,1920.15,1967.15,119149,234329327.2,18-JAN-2024
MARICO,527.7,529.8,517.85,524.5,1188131,621520113.95,18-JAN-2024
MARKSANS,154.55,159.0,150.45,157.9,1477759,231049268.7,18-JAN-2024
MARUTI,9946.05,10050.0,9737.65,9924.5,614860,6099470047.3,18-JAN-2024
MASFIN,980.0,995.0,962.0,970.5,344856,336674304.35,18-JAN-2024
MASTEK,2925.0,3069.9,2880.1,2902.4,698782,2075351706.25,18-JAN-2024
MAXHEALTH,719.1,724.85,699.5,704.9,6894521,4902702552.0,18-JAN-2024
MAYURUNIQ,563.5,564.35,546.0,558.95,51135,28493731.15,18-JAN-2024
MAZDOCK,2394.8,2431.9,2281.1,2319.55,1588725,3708306780.4,18-JAN-2024
MCDOWELL-N,1087.0,1092.3,1061.3,1069.45,927129,994176507.4,18-JAN-2024
MCX,3148.0,3233.9,3050.0,3193.35,633898,2009704065.8,18-JAN-2024
MEDANTA,1026.05,1068.0,1010.0,1061.25,355753,372703716.75,18-JAN-2024
MEDPLUS,744.0,746.05,720.45,738.0,696245,511824095.3,18-JAN-2024
METROBRAND,1225.0,1235.0,1188.0,1213.05,46709,56768824.35,18-JAN-2024
METROPOLIS,1552.35,1576.0,1538.65,1565.05,168549,262362521.1,18-JAN-2024
MFSL,906.05,912.5,891.2,898.95,1126585,1017163585.65,18-JAN-2024
MGL,1261.9,1311.45,1242.1,1301.55,1548220,1995762110.1,18-JAN-2024
MHRIL,390.0,392.05,381.05,387.3,254549,98379533.8,18-JAN-2024
MIDHANI,435.55,468.0,419.25,436.8,7105308,3181799972.9,18-JAN-2024
MINDACORP,403.8,409.55,386.95,401.2,1438249,575742441.0,18-JAN-2024
MMTC,67.9,69.35,65.0,67.7,5992243,404674366.45,18-JAN-2024
MOIL,329.4,329.6,308.25,322.1,4277878,1366777439.4,18-JAN-2024
MOL,83.7,84.6,80.7,83.1,1261219,103922726.0,18-JAN-2024
MOLDTKPAC,875.85,879.0,862.6,867.2,55615,48184657.5,18-JAN-2024
MOTHERSON,108.0,109.65,104.35,107.85,16228778,1745217012.8,18-JAN-2024
MOTILALOFS,1495.0,1547.9,1381.35,1523.55,445173,664919856.45,18-JAN-2024
MPHASIS,2615.0,2615.0,2480.6,2514.1,692100,1747562052.15,18-JAN-2024
MRF,136400.0,137949.95,133750.0,137587.2,14497,1976680307.6,18-JAN-2024
MRPL,171.2,179.75,164.0,177.6,8865480,1537946024.4,18-JAN-2024
MSTCLTD,979.45,1008.0,910.0,989.15,2702229,2610311361.2,18-JAN-2024
MSUMI,61.55,62.25,60.45,61.55,6630691,406766637.0,18-JAN-2024
MTARTECH,2198.0,2219.0,2133.0,2180.1,166462,362327370.25,18-JAN-2024
MUTHOOTFIN,1411.7,1420.55,1372.65,1380.3,542033,752058426.95,18-JAN-2024
NAM-INDIA,488.9,512.5,482.65,510.85,1480835,747707659.8,18-JAN-2024
NATCOPHARM,818.0,829.9,805.0,827.6,525545,431378543.6,18-JAN-2024
NATIONALUM,133.0,133.45,125.4,131.25,28294930,3680379828.7,18-JAN-2024
NAUKRI,5140.1,5183.95,4983.2,5108.85,333250,1692769022.05,18-JAN-2024
NAVA,467.0,468.7,443.9,460.25,381665,174671516.0,18-JAN-2024
NAVINFLUOR,3445.95,3459.95,3388.0,3402.5,187213,637262956.5,18-JAN-2024
NAVNETEDUL,147.85,149.55,144.2,147.65,138112,20320127.75,18-JAN-2024
NAZARA,950.95,955.05,865.55,913.25,855492,788739985.8,18-JAN-2024
NBCC,87.95,89.6,84.6,87.2,23686936,2059970603.95,18-JAN-2024
NCC,193.8,197.6,186.0,196.65,6003230,1161080792.95,18-JAN-2024
NEOGEN,1469.0,1472.05,1395.05,1407.0,78826,112082368.3,18-JAN-2024
NESCO,863.6,866.05,838.1,858.6,76323,65212961.0,18-JAN-2024
NESTLEIND,2535.0,2550.0,2496.15,2502.0,634910,1596607173.65,18-JAN-2024
NETWORK18,130.0,131.95,118.55,126.25,9448674,1204252995.8,18-JAN-2024
NEULANDLAB,5479.95,5700.0,5387.75,5683.15,23032,128735724.0,18-JAN-2024
NFL,109.45,115.35,108.6,112.0,33698678,3787177603.15,18-JAN-2024
NH,1250.2,1260.85,1208.05,1252.3,268408,331856268.3,18-JAN-2024
NHPC,69.0,72.15,68.55,71.1,157329595,11015174084.7,18-JAN-2024
NIACL,223.4,225.7,214.0,221.2,1037623,228909972.75,18-JAN-2024
NLCINDIA,230.5,236.6,225.6,227.0,4511523,1043620170.0,18-JAN-2024
NMDC,206.4,208.75,196.6,203.6,18673883,3768432418.3,18-JAN-2024
NOCIL,268.55,270.3,258.0,267.6,1065984,282737177.45,18-JAN-2024
NRBBEARING,344.9,358.9,343.9,353.45,211369,74461657.55,18-JAN-2024
NSLNISP,48.65,49.1,46.9,48.0,6949551,332648363.7,18-JAN-2024
NTPC,308.95,311.3,296.55,299.3,32481018,9756175573.2,18-JAN-2024
NUVOCO,340.3,348.5,337.25,340.0,399018,136474267.15,18-JAN-2024
NYKAA,167.25,169.6,163.7,165.95,11832175,1959940415.75,18-JAN-2024
OBEROIRLTY,1519.65,1530.65,1458.85,1512.95,1059339,1582716151.15,18-JAN-2024
OFSS,5594.8,6622.8,5594.8,6545.5,5287747,32748559971.6,18-JAN-2024
OIL,378.4,406.8,376.5,395.45,9113048,3593326154.1,18-JAN-2024
OLECTRA,1666.0,1679.45,1550.0,1658.65,734341,1201509286.5,18-JAN-2024
ONGC,230.05,234.5,224.65,233.55,19232183,4440943700.25,18-JAN-2024
OPTIEMUS,299.65,302.05,290.7,296.45,191825,56841760.5,18-JAN-2024
ORIENTCEM,261.7,273.4,259.1,268.95,686241,184407789.95,18-JAN-2024
ORIENTELEC,219.95,222.5,217.0,218.0,469053,102486599.0,18-JAN-2024
PAGEIND,37693.45,37868.75,37000.1,37728.7,22226,834074320.6,18-JAN-2024
PAISALO,100.0,101.7,97.0,99.5,1535472,152628754.4,18-JAN-2024
PARADEEP,75.95,77.4,73.6,76.9,4873811,369903694.8,18-JAN-2024
PARAS,751.9,755.15,724.0,742.4,243764,180266929.25,18-JAN-2024
PATANJALI,1567.0,1578.2,1522.3,1559.95,509993,790610606.15,18-JAN-2024
PAYTM,736.0,759.6,721.55,754.3,5994981,4457042850.5,18-JAN-2024
PCBL,278.8,317.95,278.5,311.0,37563894,11416165065.25,18-JAN-2024
PDSL,593.95,599.95,556.45,588.75,142744,82327364.45,18-JAN-2024
PEL,906.0,920.4,875.7,895.65,1754570,1578452730.15,18-JAN-2024
PERSISTENT,7789.0,7897.6,7555.25,7763.15,448755,3466669694.1,18-JAN-2024
PETRONET,232.0,240.8,228.05,240.2,6552050,1545647893.1,18-JAN-2024
PFC,393.05,396.5,379.2,392.7,11680203,4543862960.55,18-JAN-2024
PFIZER,4211.0,4265.0,4190.05,4250.5,16087,68223147.25,18-JAN-2024
PGEL,2126.0,2126.0,2055.5,2099.45,35088,73599127.85,18-JAN-2024
PGHH,17240.0,17335.85,17076.9,17310.4,2231,38458356.85,18-JAN-2024
PGHL,5170.0,5245.0,5079.0,5206.35,7180,37328638.4,18-JAN-2024
PHOENIXLTD,2386.5,2510.0,2350.0,2488.25,821460,2025274830.2,18-JAN-2024
PIDILITIND,2742.0,2750.25,2675.0,2698.4,468132,1264034947.85,18-JAN-2024
PIIND,3413.0,3420.0,3330.3,3356.3,458137,1546214331.9,18-JAN-2024
PNB,97.3,99.0,94.3,98.5,60733225,5919464773.65,18-JAN-2024
PNBHOUSING,828.0,905.5,810.55,856.2,4190153,3664140601.25,18-JAN-2024
PNCINFRA,414.0,416.0,393.6,411.2,1363442,553888176.75,18-JAN-2024
POLICYBZR,876.9,876.9,842.0,862.95,801476,692623164.75,18-JAN-2024
POLYCAB,4460.0,4549.0,3995.4,4436.05,3940479,17398954434.05,18-JAN-2024
POLYMED,1445.5,1460.65,1420.0,1451.25,18056,26007397.45,18-JAN-2024
POLYPLEX,1070.0,1074.75,1030.55,1052.35,120062,126011676.75,18-JAN-2024
POONAWALLA,481.0,496.75,465.0,490.4,2222443,1067558001.15,18-JAN-2024
POWERGRID,227.25,235.7,226.05,233.45,25522629,5912696885.25,18-JAN-2024
POWERINDIA,5863.0,6015.5,5790.05,5939.35,23546,139692297.25,18-JAN-2024
POWERMECH,4853.95,4918.4,4700.0,4718.5,33573,161338030.9,18-JAN-2024
PPLPHARMA,137.8,140.7,133.25,139.95,3704604,509428153.7,18-JAN-2024
PRAJIND,520.0,526.0,508.8,518.1,515627,267207628.1,18-JAN-2024
PRESTIGE,1288.9,1318.25,1226.0,1302.1,863090,1112005487.1,18-JAN-2024
PRICOLLTD,390.0,390.0,371.0,378.4,2627296,998106893.15,18-JAN-2024
PRINCEPIPE,700.0,706.0,682.0,698.85,113306,78754672.3,18-JAN-2024
PRIVISCL,1133.0,1194.95,1130.0,1161.45,59935,69368080.0,18-JAN-2024
PRSMJOHNSN,183.4,186.9,181.0,184.0,414326,76130402.9,18-JAN-2024
PRUDENT,1225.0,1248.4,1205.0,1243.75,21416,26327072.25,18-JAN-2024
PSB,44.35,46.0,42.8,45.15,5083565,227967803.85,18-JAN-2024
PSPPROJECT,743.0,767.25,726.0,761.7,326141,246285695.8,18-JAN-2024
PTC,207.7,208.85,198.2,201.75,4128498,837421738.5,18-JAN-2024
PTCIL,7240.0,7299.4,6924.1,7157.15,10975,78506841.85,18-JAN-2024
PVRINOX,1509.4,1510.3,1455.95,1480.2,894586,1326809439.3,18-JAN-2024
QUESS,504.65,511.65,493.85,507.0,227437,114863037.65,18-JAN-2024
RADICO,1620.0,1624.0,1573.25,1612.0,48396,77497075.9,18-JAN-2024
RAILTEL,367.55,372.7,345.1,363.0,6218795,2244941431.25,18-JAN-2024
RAIN,148.8,150.85,145.9,149.1,2265528,337565679.15,18-JAN-2024
RAINBOW,1241.55,1292.95,1241.55,1285.2,154731,197360269.2,18-JAN-2024
RAJESHEXPO,359.35,360.4,349.5,355.35,587001,208108360.45,18-JAN-2024
RAJRATAN,762.0,770.2,748.0,756.05,46560,35250446.05,18-JAN-2024
RALLIS,258.0,258.4,246.1,252.8,627366,158601854.05,18-JAN-2024
RAMCOCEM,956.2,957.85,936.0,950.85,355459,336731272.5,18-JAN-2024
RAMKY,750.0,779.0,740.85,772.2,157790,120090473.0,18-JAN-2024
RATEGAIN,731.0,742.2,712.05,739.35,264805,193561714.15,18-JAN-2024
RATNAMANI,3347.6,3356.0,3241.25,3281.6,114670,378209407.6,18-JAN-2024
RAYMOND,1801.2,1826.15,1731.15,1789.9,255297,456198010.75,18-JAN-2024
RBA,121.0,123.9,118.1,121.95,3117824,378489290.4,18-JAN-2024
RBLBANK,282.7,286.95,263.4,269.85,14513127,4027886816.5,18-JAN-2024
RCF,172.0,176.45,168.45,171.95,11945482,2061272757.75,18-JAN-2024
RECLTD,424.0,429.5,411.6,424.3,8956008,3772038228.7,18-JAN-2024
REDINGTON,175.8,178.2,173.8,176.95,741716,130764444.0,18-JAN-2024
RELAXO,885.4,889.75,872.0,873.45,99481,87164628.5,18-JAN-2024
RELIANCE,2702.8,2742.0,2702.5,2735.9,5139719,14005371079.55,18-JAN-2024
RELIGARE,214.0,214.65,210.25,212.05,1366447,289688430.2,18-JAN-2024
RELINFRA,217.1,222.0,210.25,218.9,2874907,625734922.6,18-JAN-2024
RENUKA,45.25,46.0,44.65,45.0,7421178,335741133.15,18-JAN-2024
RESPONIND,278.8,278.95,270.0,275.5,214204,58884530.9,18-JAN-2024
RHIM,762.0,773.45,748.0,757.8,101823,77251856.3,18-JAN-2024
RITES,531.1,535.45,505.7,520.3,1339225,696691366.25,18-JAN-2024
RKFORGE,761.2,779.8,730.55,750.0,1032782,781610794.25,18-JAN-2024
ROLEXRINGS,2419.8,2419.8,2323.55,2363.9,17528,41651742.75,18-JAN-2024
ROSSARI,783.05,785.0,764.1,773.35,58087,45060168.8,18-JAN-2024
ROUTE,1624.95,1632.9,1590.0,1594.15,113969,182398024.75,18-JAN-2024
RTNINDIA,79.9,80.7,76.15,79.75,5219272,411351669.55,18-JAN-2024
RUPA,265.1,268.0,260.05,266.1,215640,57100336.7,18-JAN-2024
RVNL,247.6,251.4,227.05,243.6,105611386,25485578659.8,18-JAN-2024
SAFARI,1861.35,1906.15,1831.5,1899.6,65778,123946505.3,18-JAN-2024
SAIL,113.1,114.05,107.5,113.05,39166751,4358171619.55,18-JAN-2024
SANOFI,8300.05,8444.0,8270.05,8419.8,15545,129934327.3,18-JAN-2024
SANSERA,1007.9,1013.15,981.6,1001.95,146970,146667584.75,18-JAN-2024
SAPPHIRE,1411.0,1424.2,1402.0,1407.65,34669,48841537.05,18-JAN-2024
SARDAEN,249.2,254.5,242.55,244.7,482853,119965500.3,18-JAN-2024
SAREGAMA,350.1,354.8,341.6,342.85,506058,175108140.5,18-JAN-2024
SBCL,572.95,578.25,550.05,573.55,146668,82812270.8,18-JAN-2024
SBFC,85.75,87.45,83.9,86.3,1109077,94713080.8,18-JAN-2024
SBICARD,752.0,753.8,738.55,750.25,1465911,1095592664.9,18-JAN-2024
SBILIFE,1416.9,1438.0,1384.2,1404.9,2296538,3247540302.9,18-JAN-2024
SBIN,625.8,633.45,619.05,628.3,14695436,9220794332.4,18-JAN-2024
SCHAEFFLER,3318.9,3318.9,3174.05,3285.0,35720,116344060.0,18-JAN-2024
SCHNEIDER,426.5,435.0,411.2,431.8,318527,135922129.2,18-JAN-2024
SCI,170.8,172.0,162.65,168.55,3203783,537487499.15,18-JAN-2024
SEQUENT,127.5,138.7,127.0,135.2,9955538,1339468492.6,18-JAN-2024
SFL,1168.3,1203.0,1149.0,1153.25,76447,89370962.95,18-JAN-2024
SHANTIGEAR,555.5,563.5,538.05,557.35,30339,16729579.15,18-JAN-2024
SHARDACROP,432.0,440.0,419.75,436.8,89764,38535938.3,18-JAN-2024
SHAREINDIA,1812.0,1838.1,1804.05,1811.4,61906,112423961.0,18-JAN-2024
SHILPAMED,329.6,330.95,319.85,329.95,637357,209398752.3,18-JAN-2024
SHOPERSTOP,689.3,709.0,680.3,702.5,41278,28668143.45,18-JAN-2024
SHREECEM,26248.9,26598.0,25650.0,26477.15,28106,733924250.5,18-JAN-2024
SHRIRAMFIN,2271.0,2287.3,2196.55,2255.4,1576710,3540291882.3,18-JAN-2024
SHYAMMETL,651.1,663.0,637.0,656.75,1074243,701685215.35,18-JAN-2024
SIEMENS,4100.0,4105.75,3965.0,4041.8,187562,758251593.8,18-JAN-2024
SIS,468.0,471.0,451.1,465.95,46861,21631335.0,18-JAN-2024
SIYSIL,535.0,536.05,524.25,534.55,53012,28149541.8,18-JAN-2024
SJVN,101.5,102.35,96.7,100.6,30447421,3044541916.8,18-JAN-2024
SKFINDIA,4655.15,4673.95,4592.6,4610.3,10144,46833129.05,18-JAN-2024
SOBHA,1329.55,1556.75,1241.0,1474.95,2950905,4322923284.25,18-JAN-2024
SOLARINDS,6776.95,6945.95,6675.25,6913.8,121064,826736679.6,18-JAN-2024
SOMANYCERA,691.4,699.7,679.0,696.7,29024,19998063.85,18-JAN-2024
SONACOMS,577.0,581.25,562.1,576.95,1231476,706091134.5,18-JAN-2024
SONATSOFTW,759.65,770.0,732.45,765.85,417635,315261370.2,18-JAN-2024
SPANDANA,1143.9,1164.75,1121.05,1139.35,77360,88757685.05,18-JAN-2024
SPARC,373.0,384.8,360.15,379.1,701614,264523661.3,18-JAN-2024
SPLPETRO,547.8,553.8,524.35,537.55,174991,94254814.1,18-JAN-2024
SRF,2316.6,2317.0,2261.15,2294.05,328660,753016792.65,18-JAN-2024
SSWL,265.0,270.95,253.25,260.8,711779,186248285.55,18-JAN-2024
STAR,657.0,681.15,652.2,674.8,667761,447408755.7,18-JAN-2024
STARCEMENT,176.95,178.5,169.55,175.7,412991,72206949.3,18-JAN-2024
STARHEALTH,554.95,572.6,548.0,568.65,1937551,1090959449.85,18-JAN-2024
STLTECH,143.75,145.6,141.1,144.45,837047,120256231.35,18-JAN-2024
STYLAMIND,1707.9,1715.0,1657.55,1698.3,27175,45981290.05,18-JAN-2024
STYRENIX,1515.05,1563.0,1500.2,1538.3,13440,20677349.3,18-JAN-2024
SUDARSCHEM,503.0,523.4,500.95,519.1,115516,59325394.55,18-JAN-2024
SULA,617.0,649.0,602.0,637.3,1309301,829753635.65,18-JAN-2024
SUMICHEM,399.9,403.5,394.6,400.0,334564,133762568.55,18-JAN-2024
SUNDARMFIN,3607.15,3673.85,3570.2,3633.3,29880,108750691.9,18-JAN-2024
SUNDRMFAST,1274.0,1280.0,1247.35,1275.8,51703,65470807.7,18-JAN-2024
SUNFLAG,231.1,235.3,216.65,223.6,1434391,323388548.1,18-JAN-2024
SUNPHARMA,1298.95,1343.4,1290.0,1335.75,2842572,3762388482.5,18-JAN-2024
SUNTECK,449.15,461.75,432.0,458.8,813616,367345905.95,18-JAN-2024
SUNTV,665.7,675.5,656.35,671.15,526980,351957376.55,18-JAN-2024
SUPRAJIT,397.4,397.4,382.25,391.5,300602,117164081.75,18-JAN-2024
SUPREMEIND,4059.0,4059.0,3911.0,3924.5,170956,679424765.45,18-JAN-2024
SUPRIYA,302.05,305.1,291.25,300.35,261794,78114527.5,18-JAN-2024
SURYAROSNI,802.0,819.0,762.85,801.45,334448,266938984.15,18-JAN-2024
SUVENPHAR,674.8,685.0,651.15,680.75,202820,136279675.3,18-JAN-2024
SUZLON,40.9,42.9,40.1,42.9,77361249,3255650126.1,18-JAN-2024
SWANENERGY,536.1,552.6,525.8,549.15,3195368,1736916127.35,18-JAN-2024
SWSOLAR,455.0,465.0,433.85,457.3,2669090,1199095635.0,18-JAN-2024
SYMPHONY,929.2,941.65,905.1,929.1,108083,99972809.2,18-JAN-2024
SYNGENE,702.4,707.75,684.3,696.65,1588610,1101231464.15,18-JAN-2024
SYRMA,606.0,621.7,594.6,601.5,767498,465683430.15,18-JAN-2024
TANLA,1179.05,1191.95,1108.0,1153.95,967901,1110108587.4,18-JAN-2024
TARSONS,500.0,502.95,490.4,500.05,73712,36756110.8,18-JAN-2024
TATACHEM,1080.0,1092.5,1048.0,1066.25,785453,840065349.25,18-JAN-2024
TATACOMM,1697.0,1801.95,1690.8,1769.6,4604722,8020226159.6,18-JAN-2024
TATACONSUM,1134.95,1150.0,1122.5,1146.8,1218211,1387175842.9,18-JAN-2024
TATAELXSI,8550.0,8579.95,8033.6,8310.7,306055,2528441383.4,18-JAN-2024
TATAINVEST,4300.0,4453.4,4240.05,4383.15,129621,566476342.35,18-JAN-2024
TATAMETALI,1035.95,1037.9,1004.35,1026.55,122187,124533976.9,18-JAN-2024
TATAMOTORS,807.0,822.95,797.0,819.05,11500495,9346447986.25,18-JAN-2024
TATAMTRDVR,536.95,546.7,527.3,544.55,1508078,812575147.15,18-JAN-2024
TATAPOWER,347.8,350.0,335.3,345.55,16863929,5796230292.25,18-JAN-2024
TATASTEEL,131.65,132.25,128.2,131.0,45273496,5906640975.6,18-JAN-2024
TATVA,1450.0,1460.8,1422.0,1425.5,47027,67463442.75,18-JAN-2024
TCI,847.1,854.8,828.8,843.8,47125,39715457.15,18-JAN-2024
TCIEXP,1364.85,1371.0,1326.2,1330.65,48389,64706246.85,18-JAN-2024
TCNSBRANDS,377.0,380.05,367.1,376.7,75939,28367545.25,18-JAN-2024
TCS,3898.0,3908.8,3862.0,3902.6,2239110,8705605580.15,18-JAN-2024
TDPOWERSYS,268.0,272.2,259.6,270.05,344530,91607015.2,18-JAN-2024
TEAMLEASE,3192.0,3192.0,3026.75,3163.1,22953,71802298.5,18-JAN-2024
TECHM,1326.7,1369.5,1306.0,1355.15,4533782,6085807482.0,18-JAN-2024
TECHNOE,771.0,799.95,753.75,795.85,96763,75877234.4,18-JAN-2024
TEGA,1107.8,1113.7,1071.0,1103.95,61534,67383039.75,18-JAN-2024
TEJASNET,850.05,855.95,830.1,848.6,239074,202343551.0,18-JAN-2024
THERMAX,3074.95,3105.0,3001.5,3073.9,28876,88264275.0,18-JAN-2024
THOMASCOOK,161.1,164.5,152.55,156.5,1356205,213590151.05,18-JAN-2024
THYROCARE,635.0,647.8,619.15,625.2,91701,57889945.9,18-JAN-2024
TI,240.05,246.75,236.3,243.85,416099,101018821.45,18-JAN-2024
TIDEWATER,1367.95,1374.6,1313.6,1344.75,36243,48641022.55,18-JAN-2024
TIIL,2345.15,2345.15,2260.0,2282.8,7598,17461467.7,18-JAN-2024
TIINDIA,3795.7,3905.7,3670.05,3849.55,333718,1257942906.05,18-JAN-2024
TIMETECHNO,172.9,176.7,169.2,173.8,1483082,257057227.1,18-JAN-2024
TIMKEN,3361.4,3379.9,3266.5,3290.55,19584,64788144.55,18-JAN-2024
TINPLATE,435.8,435.8,419.9,430.5,877141,375799402.2,18-JAN-2024
TIPSINDLTD,385.4,389.5,376.8,382.2,366202,140450904.45,18-JAN-2024
TIRUMALCHM,237.0,241.8,231.0,238.35,691773,163956791.35,18-JAN-2024
TITAGARH,1079.0,1089.0,1020.1,1053.35,1223259,1287628221.8,18-JAN-2024
TITAN,3791.35,3824.65,3718.85,3734.7,1293580,4873965466.9,18-JAN-2024
TMB,502.0,505.25,493.0,494.55,164025,81313595.45,18-JAN-2024
TORNTPHARM,2470.0,2479.15,2407.25,2462.55,131306,322260037.0,18-JAN-2024
TORNTPOWER,1001.95,1011.75,975.25,997.1,175007,174335200.45,18-JAN-2024
TRENT,3138.0,3185.0,3090.0,3151.75,439730,1383545800.0,18-JAN-2024
TRIDENT,44.3,46.25,42.85,45.75,35030329,1574893856.25,18-JAN-2024
TRITURBINE,404.4,404.4,393.0,397.65,350861,140079641.4,18-JAN-2024
TRIVENI,330.0,337.65,324.2,334.65,484027,160716818.3,18-JAN-2024
TTKPRESTIG,786.85,788.45,761.9,773.0,81268,62847408.8,18-JAN-2024
TTML,88.6,90.25,85.85,89.35,5332156,472084843.3,18-JAN-2024
TV18BRDCST,64.7,66.0,61.8,64.25,46815436,2988637093.2,18-JAN-2024
TVSMOTOR,2016.0,2026.05,1980.0,2011.5,815604,1637110365.45,18-JAN-2024
TVSSCS,194.0,196.95,192.1,194.65,434201,84429527.55,18-JAN-2024
UBL,1827.1,1856.5,1804.45,1843.6,310329,570902379.45,18-JAN-2024
UCOBANK,40.75,42.25,39.2,41.4,32142637,1317835885.2,18-JAN-2024
UFLEX,465.8,470.25,451.25,468.65,70930,32850765.75,18-JAN-2024
UJJIVAN,585.8,590.95,571.3,587.5,341386,199036379.4,18-JAN-2024
UJJIVANSFB,58.35,58.8,56.35,58.4,9088569,526294199.6,18-JAN-2024
ULTRACEMCO,9854.0,9933.05,9770.0,9892.25,278338,2746255362.9,18-JAN-2024
UNICHEMLAB,456.5,463.6,449.35,458.8,29623,13564157.6,18-JAN-2024
UNIONBANK,130.8,133.85,128.1,132.95,21609345,2838359012.8,18-JAN-2024
UNIPARTS,585.6,597.95,571.3,588.4,246021,144530263.05,18-JAN-2024
UNOMINDA,695.0,695.55,673.0,680.7,221799,151285894.5,18-JAN-2024
UPL,550.0,552.0,539.15,544.2,3512857,1913738868.95,18-JAN-2024
USHAMART,308.7,312.75,300.8,308.55,568078,174269406.55,18-JAN-2024
UTIAMC,847.0,859.7,828.65,855.55,82547,69984720.75,18-JAN-2024
VAIBHAVGBL,451.0,492.6,443.0,487.55,6699322,3175710278.15,18-JAN-2024
VARROC,539.95,546.5,520.75,526.25,248988,132043561.95,18-JAN-2024
VBL,1244.0,1249.55,1196.4,1230.15,1854390,2276653474.3,18-JAN-2024
VEDL,265.5,268.9,258.0,267.55,9930238,2634399702.6,18-JAN-2024
VENKEYS,1978.5,2018.4,1955.1,2001.05,36059,71550455.45,18-JAN-2024
VESUVIUS,3401.0,3542.0,3380.0,3509.95,13249,46187685.6,18-JAN-2024
VGUARD,293.8,295.9,289.5,292.6,220141,64632156.3,18-JAN-2024
VIJAYA,673.3,675.65,646.85,664.5,72965,48306850.2,18-JAN-2024
VINATIORGA,1718.65,1725.0,1700.0,1717.65,31203,53401787.5,18-JAN-2024
VIPIND,557.45,559.0,545.5,555.9,551384,305386039.8,18-JAN-2024
VMART,2083.95,2123.55,2070.9,2087.45,13294,27724619.0,18-JAN-2024
VOLTAMP,7078.05,7278.0,6830.0,7067.55,41213,291900183.7,18-JAN-2024
VOLTAS,1050.0,1050.0,1015.9,1036.25,1646283,1699612293.15,18-JAN-2024
VRLLOG,714.05,722.0,699.75,719.1,39082,27890783.95,18-JAN-2024
VSTTILLERS,3316.0,3449.0,3285.0,3422.15,22119,74477347.95,18-JAN-2024
VTL,401.0,404.6,388.65,401.4,157798,62943503.65,18-JAN-2024
WABAG,620.0,644.0,618.05,633.05,355459,225154288.3,18-JAN-2024
WELCORP,585.0,608.0,565.0,599.45,2760175,1626318362.15,18-JAN-2024
WELENT,324.15,332.4,320.1,330.85,125977,41163269.8,18-JAN-2024
WELSPUNLIV,149.5,152.5,144.0,149.05,1323471,196493066.15,18-JAN-2024
WESTLIFE,859.0,859.0,812.05,847.45,75264,63488825.55,18-JAN-2024
WHIRLPOOL,1377.0,1399.6,1350.25,1380.8,210708,290520825.3,18-JAN-2024
WIPRO,482.4,489.0,468.4,482.65,13072462,6255499769.45,18-JAN-2024
WOCKPHARMA,426.9,460.0,402.65,456.6,2058276,909171273.05,18-JAN-2024
WONDERLA,889.05,895.45,865.0,874.1,67457,59117791.3,18-JAN-2024
WSTCSTPAPR,724.6,736.0,700.6,709.9,250354,179038497.25,18-JAN-2024
ZEEL,245.85,264.0,233.6,248.2,55813937,14054754068.65,18-JAN-2024
ZENSARTECH,575.7,575.7,548.0,557.05,1560624,873267900.05,18-JAN-2024
ZENTEC,767.0,768.8,730.0,754.5,168588,126274670.4,18-JAN-2024
ZFCVINDIA,16665.0,17099.0,16310.85,16958.05,4403,73418653.5,18-JAN-2024
ZOMATO,128.05,129.8,121.6,129.45,111946831,14056750511.05,18-JAN-2024
ZYDUSLIFE,711.4,713.65,686.0,708.9,768445,540437461.8,18-JAN-2024
ZYDUSWELL,1617.15,1626.0,1585.0,1617.35,14740,23740493.9,18-JAN-2024
